{"cameraMode":{"drawMode":0,"name":"Shaded","section":"Shading Mode"},"sceneLighting":true,"audioPlay":false,"sceneViewState":{"showFog":true,"showMaterialUpdate":false,"showSkybox":false,"showFlares":true,"showImageEffects":true,"showParticleSystems":true,"showVisualEffectGraphs":true,"m_FxEnabled":true},"in2DMode":false,"pivot":{"x":999.189453125,"y":-0.5078955292701721,"z":1001.8386840820313},"rotation":{"x":-0.5599139928817749,"y":-0.0027770386077463629,"z":0.0017896887147799135,"w":-0.8285543918609619},"size":0.08314457535743714,"orthographic":false}